Administrative,Administrative_Duration,Informational,Informational_Duration,ProductRelated,ProductRelated_Duration,BounceRates,ExitRates,PageValues,SpecialDay,Month,OperatingSystems,Browser,Region,TrafficType,VisitorType,Weekend,Revenue
2.0062902,63.03728,0.9989713,76.163284,18.0884,373.49127,0.016440365,0.037121717,11.971976,0.0013739528,Nov,3,2,3,2,New_Visitor,False,False
17.021006,2631.2163,23.54746,2085.823,703.744,43040.477,0.009847083,0.01710768,-0.35184315,0.0077267014,May,2,2,1,14,New_Visitor,False,False
10.188818,2404.0964,2.988336,419.72287,488.67325,23214.254,-0.0010404721,0.011496811,-0.10869721,0.00035848716,Jul,2,2,1,3,New_Visitor,False,False
4.0171366,376.10312,4.947736,2224.0872,75.67915,9150.328,0.0026796812,0.043668892,-0.8936694,-0.0011797188,Dec,2,2,1,8,New_Visitor,False,False
4.053131,159.15897,0.014589466,3.6986122,62.169098,4430.1074,0.00012308884,0.001816741,246.16772,2.0968415e-05,Oct,4,1,8,2,New_Visitor,False,False
20.30906,194.52008,7.170426,298.1703,670.9215,23351.658,0.008563979,0.02299417,-0.020847596,-0.0019988355,Aug,2,2,1,1,New_Visitor,False,False
5.134038,2152.9626,1.9779183,89.028435,15.59565,422.36066,0.034822557,0.04058529,-0.09855775,1.6825866e-06,May,1,2,4,4,New_Visitor,False,False
14.83455,2661.274,13.126075,1951.8119,339.93625,30028.42,0.0050341203,0.029000226,-1.0263045,0.0005314226,Dec,2,2,1,2,New_Visitor,False,False
11.180654,84.36857,0.026697911,-1.9677259,435.879,9919.138,0.00044587595,0.010809592,1.403311,0.98528254,May,2,2,1,4,New_Visitor,False,False
22.322374,1162.5131,3.029472,105.15358,208.42336,4373.2007,0.0001028214,0.010041441,179.18192,-0.0021670696,Nov,2,5,3,3,New_Visitor,False,False
13.945825,1261.0288,11.991627,987.43146,29.525433,1956.8212,0.003328893,0.02257343,-0.444227,0.60425043,May,2,2,3,2,New_Visitor,False,False
8.0400915,358.4723,2.024213,952.38324,14.282721,318.84302,-4.388053e-05,0.0041161245,-0.66463214,0.00025899583,Mar,3,2,7,9,New_Visitor,False,False
0.015813954,-0.5100637,3.9829469,224.02805,220.57114,9655.002,0.05598302,0.06663591,-0.016421594,0.0013635108,June,3,8,2,5,Other,False,False
11.857302,245.7551,3.8975387,1522.5206,443.62097,22177.375,0.0038871744,0.012089743,10.970363,-0.000101079546,June,2,2,1,13,New_Visitor,False,False
11.066734,165.13869,6.0425434,349.9606,170.60645,4101.0703,0.0006375812,0.009215868,1.2089512,0.40141392,May,2,7,7,3,New_Visitor,False,False
0.030260213,-0.15222219,-0.00760927,-0.051591948,20.821056,459.8766,0.0018202044,0.0049544824,-0.14897518,1.003666,May,1,8,1,19,New_Visitor,False,False
1.0267648,20.483055,0.0005735535,-0.8156567,6.0407968,205.40956,-0.00038902494,0.02812376,-0.16114788,0.0021702822,Oct,2,7,3,5,New_Visitor,False,False
-0.0032011198,-0.38809255,15.823585,1219.8436,5.5978284,299.89636,0.0032864453,0.012320655,-0.3535917,0.00071237114,Mar,2,2,1,8,New_Visitor,False,False
13.979386,199.74007,0.00755135,-0.57513624,7.558518,67.513626,-4.0606e-05,0.0040679267,-0.07325391,0.0014455008,Dec,3,8,2,4,Other,False,False
0.014937289,0.108123265,0.00910867,0.14009278,0.23902746,7.6021233,0.20256795,0.19749779,-0.18813781,0.0012791852,May,6,7,3,15,New_Visitor,False,False
5.041605,78.90938,-0.009052061,-0.4761563,63.511265,2603.7869,0.005245499,0.010757818,17.523424,0.0014840836,Nov,3,2,1,8,New_Visitor,False,True
0.031749614,-0.4398885,0.025102116,2.6396484,44.37469,778.04126,0.00031792527,0.0046730107,357.6728,0.00014964739,Dec,3,2,2,15,Other,False,True
11.089257,2044.6543,9.037668,1137.2025,44.134216,3655.2917,0.0014157478,0.014191101,7.375833,0.0008883464,Mar,2,2,1,2,New_Visitor,False,True
20.222559,1314.222,2.892893,137.76605,524.2258,26559.293,0.0043550427,0.014545784,8.054291,-0.0006286365,Nov,1,1,1,2,New_Visitor,False,True
3.0764773,49.530357,3.980559,1644.7251,49.478622,4902.977,0.009257175,0.029480819,5.267054,0.819508,May,2,2,2,4,New_Visitor,False,True
2.0140975,75.06756,0.0039780815,2.8871765,31.611853,1222.9276,0.0003654041,0.010783157,219.1856,0.00054939714,May,3,2,4,2,New_Visitor,False,True
4.057596,1658.1603,-0.045219146,-1.3333951,0.54016346,10.479076,-0.00074965914,0.016661903,114.609726,0.0007067571,June,2,10,1,2,New_Visitor,False,True
3.0685747,47.911884,0.006152876,-1.0918065,7.5443044,154.49886,-0.00019810941,0.033014573,4.400844,0.0021769989,Oct,2,7,7,4,New_Visitor,False,True
9.072724,268.76282,3.992184,1300.5509,26.0174,730.2818,-0.0003477394,0.021908639,8.492269,-4.3892614e-05,Nov,2,7,1,2,New_Visitor,False,True
9.001692,772.3118,3.9310174,165.45836,74.12863,13517.24,0.0040737796,0.03192012,16.395594,0.0015855829,May,2,2,2,13,New_Visitor,False,True
8.102212,1582.8503,1.9938585,148.57588,13.756426,1735.9298,-0.0007981345,0.03089111,-0.35605457,0.0014099913,Nov,4,1,3,8,New_Visitor,False,True
6.0971494,106.119576,-0.007051728,-0.13802536,42.60291,1358.002,-2.8208233e-05,0.005109734,135.59135,0.0009394574,Dec,3,2,2,4,Other,False,True
0.054576524,-1.3775105,-0.015878282,-0.40099913,14.084513,484.028,0.0002780125,0.0029466029,12.24621,1.0033269,May,1,8,1,11,New_Visitor,False,True
12.154132,232.10602,0.040392764,-0.68849,439.85663,17441.371,0.0040869876,0.018126823,2.6667206,0.00031342605,Nov,2,5,1,10,New_Visitor,False,True
1.0180547,139.27927,3.004666,879.13196,137.45735,7679.956,0.0019156762,0.011595427,37.65897,0.0013843054,Oct,2,2,4,2,New_Visitor,False,True
3.0648108,500.82175,1.0093685,153.30107,25.328432,1556.1897,0.035911858,0.06696323,5.599577,0.0020867873,Jul,2,5,4,1,New_Visitor,False,True
3.0544164,36.32472,0.029122896,4.295313,17.50338,582.64044,6.749634e-05,0.010474524,359.45178,0.00014775866,Nov,2,2,3,2,New_Visitor,False,True
11.042544,1309.1732,3.997116,625.4564,26.635874,1161.8612,0.008638019,0.022121355,12.674115,0.001556019,Oct,1,2,3,4,New_Visitor,False,True
3.1039743,51.650608,-0.0019830684,0.7846965,16.542196,2030.1147,0.00036093374,0.02686971,26.401663,0.0015792052,Jul,5,11,1,1,New_Visitor,False,True
0.0069235633,-0.6324163,4.986302,192.2966,7.979182,201.54384,0.036115374,0.05492422,-0.14218836,0.0013980219,Aug,1,1,3,4,New_Visitor,False,True
